,Filename,doc_word_count,motel_words,bso_words,edo_words,rso_issues_words,comm_words,admin_words,motel_words_perc,bso_words_perc,edo_words_perc,rso_issues_perc,comm_words_perc,admin_perc
0,C:\Users\ramosv\Desktop\MileHighHack\organize_chaos\Documents\Proposed reply_ phase 2 of C-District.docx,92,0,5,0,0,0,0,0.0,0.05434782608695652,0.0,0.0,0.0,0.0
1,C:\Users\ramosv\Desktop\MileHighHack\organize_chaos\Documents\Reply to Kathleen_s email.docx,173,0,7,0,6,0,0,0.0,0.04046242774566474,0.0,0.03468208092485549,0.0,0.0
2,C:\Users\ramosv\Desktop\MileHighHack\organize_chaos\Documents\Reporting_I-Dis_HUD_NEST_Indicator.docx,0,0,0,0,0,0,0,,,,,,
3,C:\Users\ramosv\Desktop\MileHighHack\organize_chaos\Documents\Sabeâ€™s User accounts.docx,103,0,0,0,0,0,0,0.0,0.0,0.0,0.0,0.0,0.0
4,C:\Users\ramosv\Desktop\MileHighHack\organize_chaos\Documents\Sales quote.docx,62,0,0,0,0,0,0,0.0,0.0,0.0,0.0,0.0,0.0
5,C:\Users\ramosv\Desktop\MileHighHack\organize_chaos\Documents\Signup sheet.docx,11,0,0,0,0,0,0,0.0,0.0,0.0,0.0,0.0,0.0
6,C:\Users\ramosv\Desktop\MileHighHack\organize_chaos\Documents\Staff Weekly Check-In.docx,0,0,0,0,0,0,0,,,,,,
7,C:\Users\ramosv\Desktop\MileHighHack\organize_chaos\Documents\The Fax 6-2-22 Health Fair.docx,0,0,0,0,0,0,0,,,,,,
8,C:\Users\ramosv\Desktop\MileHighHack\organize_chaos\Documents\The Fax proposal 11.15.2022.docx,155,0,0,0,0,0,0,0.0,0.0,0.0,0.0,0.0,0.0
9,C:\Users\ramosv\Desktop\MileHighHack\organize_chaos\Documents\The Kitchen Network Parkhill  Support Letter.docx,127,0,3,2,0,0,0,0.0,0.023622047244094488,0.015748031496062992,0.0,0.0,0.0
10,C:\Users\ramosv\Desktop\MileHighHack\organize_chaos\Documents\TheFax_NOFA23_DRAFT.docx,734,0,10,3,0,0,0,0.0,0.013623978201634877,0.004087193460490463,0.0,0.0,0.0
11,C:\Users\ramosv\Desktop\MileHighHack\organize_chaos\Documents\Untitled document(1).docx,0,0,0,0,0,0,0,,,,,,
12,C:\Users\ramosv\Desktop\MileHighHack\organize_chaos\Documents\Untitled document(2).docx,57,0,0,0,0,0,0,0.0,0.0,0.0,0.0,0.0,0.0
13,C:\Users\ramosv\Desktop\MileHighHack\organize_chaos\Documents\Untitled document(3).docx,0,0,0,0,0,0,0,,,,,,
14,C:\Users\ramosv\Desktop\MileHighHack\organize_chaos\Documents\Untitled document(4).docx,275,0,1,0,0,0,0,0.0,0.0036363636363636364,0.0,0.0,0.0,0.0
15,C:\Users\ramosv\Desktop\MileHighHack\organize_chaos\Documents\Untitled document(5).docx,13,0,0,0,0,0,0,0.0,0.0,0.0,0.0,0.0,0.0
16,C:\Users\ramosv\Desktop\MileHighHack\organize_chaos\Documents\Untitled document(6).docx,267,0,1,0,0,0,0,0.0,0.003745318352059925,0.0,0.0,0.0,0.0
17,C:\Users\ramosv\Desktop\MileHighHack\organize_chaos\Documents\Untitled document(7).docx,41,0,3,0,0,0,0,0.0,0.07317073170731707,0.0,0.0,0.0,0.0
18,C:\Users\ramosv\Desktop\MileHighHack\organize_chaos\Documents\Untitled document.docx,209,0,1,0,0,0,0,0.0,0.004784688995215311,0.0,0.0,0.0,0.0
19,C:\Users\ramosv\Desktop\MileHighHack\organize_chaos\Documents\Urban Land Conservancy Support Letter.docx,129,0,4,8,0,0,0,0.0,0.031007751937984496,0.06201550387596899,0.0,0.0,0.0
20,C:\Users\ramosv\Desktop\MileHighHack\organize_chaos\Documents\2022 Motels Accounting\The Westerner\Scanned Reservations Sheeets\Oct\Monica_s Notes_10_11_22- Motel Cash Notes.docx,28,0,0,0,0,0,0,0.0,0.0,0.0,0.0,0.0,0.0
21,C:\Users\ramosv\Desktop\MileHighHack\organize_chaos\Documents\audit\Access Colorado_ Grant_Revenue Letter.docx,149,0,0,0,0,0,0,0.0,0.0,0.0,0.0,0.0,0.0
22,C:\Users\ramosv\Desktop\MileHighHack\organize_chaos\Documents\audit\HotSpot Grant_Revenue Letter.docx,150,0,0,0,0,0,0,0.0,0.0,0.0,0.0,0.0,0.0
23,C:\Users\ramosv\Desktop\MileHighHack\organize_chaos\Documents\audit\Safety_Hotspot Grant_ Revenue Letter.docx,153,0,0,0,0,0,0,0.0,0.0,0.0,0.0,0.0,0.0
24,C:\Users\ramosv\Desktop\MileHighHack\organize_chaos\Documents\CDBG 2022 Reporting\Q1\2022 Q1 CDBG Report.docx,653,0,32,0,3,0,0,0.0,0.04900459418070444,0.0,0.004594180704441042,0.0,0.0
25,C:\Users\ramosv\Desktop\MileHighHack\organize_chaos\Documents\CDBG 2022 Reporting\Q1\2022_Q1_CDBG Report.docx,302,0,18,0,3,0,0,0.0,0.059602649006622516,0.0,0.009933774834437087,0.0,0.0
26,C:\Users\ramosv\Desktop\MileHighHack\organize_chaos\Documents\CDBG 2022 Reporting\Q2_2022\2022  Q2 CDBG Reporting.docx,687,0,25,2,2,0,0,0.0,0.036390101892285295,0.002911208151382824,0.002911208151382824,0.0,0.0
27,C:\Users\ramosv\Desktop\MileHighHack\organize_chaos\Documents\CDBG 2022 Reporting\Q2_2022\Q2 Reporting.docx,313,0,11,2,2,0,0,0.0,0.03514376996805112,0.006389776357827476,0.006389776357827476,0.0,0.0
28,C:\Users\ramosv\Desktop\MileHighHack\organize_chaos\Documents\CDBG 2023 Contract\2023 Salary Worksheet.docx,18,0,0,0,0,0,0,0.0,0.0,0.0,0.0,0.0,0.0
29,C:\Users\ramosv\Desktop\MileHighHack\organize_chaos\Documents\CDBG 2023 Contract\Feb\Salary worksheets\Veronica_Feb 23.docx,25,0,1,0,0,0,0,0.0,0.04,0.0,0.0,0.0,0.0
30,C:\Users\ramosv\Desktop\MileHighHack\organize_chaos\Documents\CDBG 2023 Contract\Jan\Salary worksheets\Aseel_Jan 23.docx,24,0,0,0,0,0,0,0.0,0.0,0.0,0.0,0.0,0.0
31,C:\Users\ramosv\Desktop\MileHighHack\organize_chaos\Documents\CDBG 2023 Contract\Jan\Salary worksheets\Honey_Jan 23.docx,26,0,0,0,0,0,0,0.0,0.0,0.0,0.0,0.0,0.0
32,C:\Users\ramosv\Desktop\MileHighHack\organize_chaos\Documents\CDBG 2023 Contract\Jan\Salary worksheets\Monica_Jan 23.docx,24,0,0,0,0,0,0,0.0,0.0,0.0,0.0,0.0,0.0
33,C:\Users\ramosv\Desktop\MileHighHack\organize_chaos\Documents\CDBG 2023 Contract\Jan\Salary worksheets\Tunde_Jan 23.docx,24,0,0,0,0,0,0,0.0,0.0,0.0,0.0,0.0,0.0
34,C:\Users\ramosv\Desktop\MileHighHack\organize_chaos\Documents\CDBG 2023 Contract\Jan\Salary worksheets\Veronica_Jan 23.docx,25,0,1,0,0,0,0,0.0,0.04,0.0,0.0,0.0,0.0
35,C:\Users\ramosv\Desktop\MileHighHack\organize_chaos\Documents\Consent forms\BSO\BSO Liability Release Form.docx,67,0,1,0,0,0,0,0.0,0.014925373134328358,0.0,0.0,0.0,0.0
36,C:\Users\ramosv\Desktop\MileHighHack\organize_chaos\Documents\DEDO 2023 Work\Reporting Work\Quarterly Reporting\Q1\Q 1_DEDO Reporting.docx,18,0,1,0,0,0,0,0.0,0.05555555555555555,0.0,0.0,0.0,0.0
37,C:\Users\ramosv\Desktop\MileHighHack\organize_chaos\Documents\DEDO_CDBG_C-District\Grant Application\submitted 2022_neighborhood_services_nofa_application (1).docx,4529,0,76,16,17,0,0,0.0,0.016780746301611835,0.0035327886950761757,0.003753587988518437,0.0,0.0
38,C:\Users\ramosv\Desktop\MileHighHack\organize_chaos\Documents\DEDO_CDBG_C-District\Report\Q2_NEST Metrics_CDBG_TheFax 7_14_22 (1).docx,12,0,0,0,0,0,0,0.0,0.0,0.0,0.0,0.0,0.0
39,C:\Users\ramosv\Desktop\MileHighHack\organize_chaos\Documents\Final_Submitted I-District Budget Cap+Contract\The Fax_ExhA_PrtI_SoS_202062350.docx,833,0,13,3,0,0,0,0.0,0.015606242496998799,0.003601440576230492,0.0,0.0,0.0
40,C:\Users\ramosv\Desktop\MileHighHack\organize_chaos\Documents\HFC SNAP Invoice\HFC Aseel_s_tracking sheet.docx,0,0,0,0,0,0,0,,,,,,
41,C:\Users\ramosv\Desktop\MileHighHack\organize_chaos\Documents\HotSpot Grant\Contract\HRCP Scope of Work_The FAX Partnership.docx,344,0,18,0,3,0,0,0.0,0.05232558139534884,0.0,0.00872093023255814,0.0,0.0
42,C:\Users\ramosv\Desktop\MileHighHack\organize_chaos\Documents\HotSpot Grant\Progress Report\Progress Report Template\DPD Hot Spot Report Template.docx,3,0,0,0,0,0,0,0.0,0.0,0.0,0.0,0.0,0.0
43,C:\Users\ramosv\Desktop\MileHighHack\organize_chaos\Documents\I-District letters of support\African Leadership Council support letter.docx,122,0,2,1,0,0,0,0.0,0.01639344262295082,0.00819672131147541,0.0,0.0,0.0
44,C:\Users\ramosv\Desktop\MileHighHack\organize_chaos\Documents\I-District letters of support\Ashley Elementary support letter.docx,119,0,2,1,0,0,0,0.0,0.01680672268907563,0.008403361344537815,0.0,0.0,0.0
45,C:\Users\ramosv\Desktop\MileHighHack\organize_chaos\Documents\I-District letters of support\Brother_s Redevelopment I district support letter.docx,148,0,1,1,0,0,0,0.0,0.006756756756756757,0.006756756756756757,0.0,0.0,0.0
46,C:\Users\ramosv\Desktop\MileHighHack\organize_chaos\Documents\I-District letters of support\East Colfax Neighborhood Association Support Letter.docx,159,0,1,2,0,0,0,0.0,0.006289308176100629,0.012578616352201259,0.0,0.0,0.0
47,C:\Users\ramosv\Desktop\MileHighHack\organize_chaos\Documents\I-District letters of support\Greater Parkhill Community support letter.docx,131,0,2,1,0,0,0,0.0,0.015267175572519083,0.007633587786259542,0.0,0.0,0.0
48,C:\Users\ramosv\Desktop\MileHighHack\organize_chaos\Documents\I-District letters of support\Historic Montclair RNO.docx,105,0,3,2,0,0,0,0.0,0.02857142857142857,0.01904761904761905,0.0,0.0,0.0
49,C:\Users\ramosv\Desktop\MileHighHack\organize_chaos\Documents\I-District letters of support\Hope Communities support letter.docx,115,0,0,1,0,0,0,0.0,0.0,0.008695652173913044,0.0,0.0,0.0
50,C:\Users\ramosv\Desktop\MileHighHack\organize_chaos\Documents\I-District letters of support\Mercy Housing support letter.docx,119,0,2,1,0,0,0,0.0,0.01680672268907563,0.008403361344537815,0.0,0.0,0.0
51,C:\Users\ramosv\Desktop\MileHighHack\organize_chaos\Documents\I-District letters of support\Montclair Elementary support letter.docx,130,0,3,2,0,0,0,0.0,0.023076923076923078,0.015384615384615385,0.0,0.0,0.0
52,C:\Users\ramosv\Desktop\MileHighHack\organize_chaos\Documents\I-District letters of support\Sample_I-District_Letter of Support.docx,116,0,2,1,0,0,0,0.0,0.017241379310344827,0.008620689655172414,0.0,0.0,0.0
53,C:\Users\ramosv\Desktop\MileHighHack\organize_chaos\Documents\I-District letters of support\Street Fraternity support letter.docx,119,0,2,1,0,0,0,0.0,0.01680672268907563,0.008403361344537815,0.0,0.0,0.0
54,C:\Users\ramosv\Desktop\MileHighHack\organize_chaos\Documents\I-District letters of support\Signed letters of Support\BRI-C District Support Letter.docx,159,0,1,1,0,0,0,0.0,0.006289308176100629,0.006289308176100629,0.0,0.0,0.0
55,C:\Users\ramosv\Desktop\MileHighHack\organize_chaos\Documents\Job Discribtions\Aseel_ Director of Operations Job Description 2023.docx,380,1,0,0,0,0,0,0.002631578947368421,0.0,0.0,0.0,0.0,0.0
56,C:\Users\ramosv\Desktop\MileHighHack\organize_chaos\Documents\kelly@thefaxdenver.com\11_16_2022 Agenda - Governance Committee_.docx,174,0,0,0,0,0,0,0.0,0.0,0.0,0.0,0.0,0.0
57,C:\Users\ramosv\Desktop\MileHighHack\organize_chaos\Documents\kelly@thefaxdenver.com\2022 in review mailer ideas.docx,3,0,0,0,0,0,0,0.0,0.0,0.0,0.0,0.0,0.0
58,C:\Users\ramosv\Desktop\MileHighHack\organize_chaos\Documents\kelly@thefaxdenver.com\Business Outreach Manager Job Description 2022.docx,347,0,12,0,0,0,0,0.0,0.0345821325648415,0.0,0.0,0.0,0.0
59,C:\Users\ramosv\Desktop\MileHighHack\organize_chaos\Documents\kelly@thefaxdenver.com\Communications-Outreach Assistant Job Description 2022.docx,363,0,2,0,0,0,0,0.0,0.005509641873278237,0.0,0.0,0.0,0.0
60,C:\Users\ramosv\Desktop\MileHighHack\organize_chaos\Documents\kelly@thefaxdenver.com\Deputy Director Job Description 2022.docx,451,0,7,0,2,0,0,0.0,0.015521064301552107,0.0,0.004434589800443459,0.0,0.0
61,C:\Users\ramosv\Desktop\MileHighHack\organize_chaos\Documents\kelly@thefaxdenver.com\Director of Operations Job Description 2023.docx,382,1,0,0,0,0,0,0.002617801047120419,0.0,0.0,0.0,0.0,0.0
62,C:\Users\ramosv\Desktop\MileHighHack\organize_chaos\Documents\kelly@thefaxdenver.com\East Colfax Cultural District Community Logo Input Survey.docx,54,0,0,0,0,0,0,0.0,0.0,0.0,0.0,0.0,0.0
63,C:\Users\ramosv\Desktop\MileHighHack\organize_chaos\Documents\kelly@thefaxdenver.com\Equitable Development Manager Job Description 2022.docx,336,0,3,2,0,0,0,0.0,0.008928571428571428,0.005952380952380952,0.0,0.0,0.0
64,C:\Users\ramosv\Desktop\MileHighHack\organize_chaos\Documents\kelly@thefaxdenver.com\Estimate_1012_from_Zen_llc.docx,59,0,1,0,0,0,0,0.0,0.01694915254237288,0.0,0.0,0.0,0.0
65,C:\Users\ramosv\Desktop\MileHighHack\organize_chaos\Documents\kelly@thefaxdenver.com\Example Whistleblower Policy 2022.docx,314,0,2,0,0,0,0,0.0,0.006369426751592357,0.0,0.0,0.0,0.0
66,C:\Users\ramosv\Desktop\MileHighHack\organize_chaos\Documents\kelly@thefaxdenver.com\Gift Acceptance Policy 2022.docx,417,0,0,0,0,0,0,0.0,0.0,0.0,0.0,0.0,0.0
67,C:\Users\ramosv\Desktop\MileHighHack\organize_chaos\Documents\kelly@thefaxdenver.com\Governance Committee 10_19_2022 Agenda.docx,64,0,0,0,0,0,0,0.0,0.0,0.0,0.0,0.0,0.0
68,C:\Users\ramosv\Desktop\MileHighHack\organize_chaos\Documents\kelly@thefaxdenver.com\Governance Workplan 11.2022 Draft.docx,7,0,0,0,0,0,0,0.0,0.0,0.0,0.0,0.0,0.0
69,C:\Users\ramosv\Desktop\MileHighHack\organize_chaos\Documents\kelly@thefaxdenver.com\Housing Navigator Job Description 2022.docx,311,0,0,0,0,0,0,0.0,0.0,0.0,0.0,0.0,0.0
70,C:\Users\ramosv\Desktop\MileHighHack\organize_chaos\Documents\kelly@thefaxdenver.com\Kelly _ Monica 1-on-1.docx,1794,1,23,2,0,0,0,0.0005574136008918618,0.01282051282051282,0.0011148272017837235,0.0,0.0,0.0
71,C:\Users\ramosv\Desktop\MileHighHack\organize_chaos\Documents\kelly@thefaxdenver.com\MHYC Lease Addition Nov 2022.docx,66,0,0,0,0,0,0,0.0,0.0,0.0,0.0,0.0,0.0
72,C:\Users\ramosv\Desktop\MileHighHack\organize_chaos\Documents\kelly@thefaxdenver.com\Outreach Assistant Job Description 2022.docx,321,0,6,0,0,0,0,0.0,0.018691588785046728,0.0,0.0,0.0,0.0
73,C:\Users\ramosv\Desktop\MileHighHack\organize_chaos\Documents\kelly@thefaxdenver.com\Untitled document(1).docx,9,0,0,0,0,0,0,0.0,0.0,0.0,0.0,0.0,0.0
74,C:\Users\ramosv\Desktop\MileHighHack\organize_chaos\Documents\kelly@thefaxdenver.com\Untitled document.docx,152,0,4,0,0,0,0,0.0,0.02631578947368421,0.0,0.0,0.0,0.0
75,C:\Users\ramosv\Desktop\MileHighHack\organize_chaos\Documents\mariana@thefaxdenver.com\03_08_22-Sabe EMPLOYEE REVIEW.docx,221,0,10,0,0,0,0,0.0,0.04524886877828054,0.0,0.0,0.0,0.0
76,C:\Users\ramosv\Desktop\MileHighHack\organize_chaos\Documents\mariana@thefaxdenver.com\100121_Fax_Wells Fargo Hope to the Streets.docx,255,0,21,0,15,0,0,0.0,0.08235294117647059,0.0,0.058823529411764705,0.0,0.0
77,C:\Users\ramosv\Desktop\MileHighHack\organize_chaos\Documents\mariana@thefaxdenver.com\2020_W-4 Form.docx,1326,0,0,0,0,0,0,0.0,0.0,0.0,0.0,0.0,0.0
78,C:\Users\ramosv\Desktop\MileHighHack\organize_chaos\Documents\mariana@thefaxdenver.com\Amlaku_s f EMPLOYEE REVIEW.docx,167,0,7,0,0,0,0,0.0,0.041916167664670656,0.0,0.0,0.0,0.0
79,C:\Users\ramosv\Desktop\MileHighHack\organize_chaos\Documents\mariana@thefaxdenver.com\Business email 3_14_22.docx,80,0,2,0,0,0,0,0.0,0.025,0.0,0.0,0.0,0.0
80,C:\Users\ramosv\Desktop\MileHighHack\organize_chaos\Documents\mariana@thefaxdenver.com\Copy of Notes from Focus Group (1_26_22).docx,150,0,0,1,0,0,0,0.0,0.0,0.006666666666666667,0.0,0.0,0.0
81,C:\Users\ramosv\Desktop\MileHighHack\organize_chaos\Documents\mariana@thefaxdenver.com\CO_Gives_Day_Article.docx,102,0,2,1,0,0,0,0.0,0.0196078431372549,0.00980392156862745,0.0,0.0,0.0
82,C:\Users\ramosv\Desktop\MileHighHack\organize_chaos\Documents\mariana@thefaxdenver.com\CO_Gives_Day_Board_instructions.docx,245,0,0,0,0,0,0,0.0,0.0,0.0,0.0,0.0,0.0
83,C:\Users\ramosv\Desktop\MileHighHack\organize_chaos\Documents\mariana@thefaxdenver.com\Dec 2021-Fax Hotspot Grant #1.docx,811,0,45,3,18,0,0,0.0,0.055487053020961775,0.0036991368680641184,0.02219482120838471,0.0,0.0
84,C:\Users\ramosv\Desktop\MileHighHack\organize_chaos\Documents\mariana@thefaxdenver.com\East Colfax Thrives_Fee for Service.docx,49,0,0,0,0,0,0,0.0,0.0,0.0,0.0,0.0,0.0
85,C:\Users\ramosv\Desktop\MileHighHack\organize_chaos\Documents\mariana@thefaxdenver.com\EMPLOYEE REVIEW.docx,170,0,7,0,0,0,0,0.0,0.041176470588235294,0.0,0.0,0.0,0.0
86,C:\Users\ramosv\Desktop\MileHighHack\organize_chaos\Documents\mariana@thefaxdenver.com\Fax_Personnel manual_Jan 2020.docx,6229,0,29,1,0,0,0,0.0,0.004655642960346765,0.00016053941242575052,0.0,0.0,0.0
87,C:\Users\ramosv\Desktop\MileHighHack\organize_chaos\Documents\mariana@thefaxdenver.com\FGTo_Do.docx,16,0,1,0,0,0,0,0.0,0.0625,0.0,0.0,0.0,0.0
88,C:\Users\ramosv\Desktop\MileHighHack\organize_chaos\Documents\mariana@thefaxdenver.com\Food_Distribution_Newsletter.docx,86,0,0,0,0,0,0,0.0,0.0,0.0,0.0,0.0,0.0
89,C:\Users\ramosv\Desktop\MileHighHack\organize_chaos\Documents\mariana@thefaxdenver.com\Health and Resource Far.docx,37,0,0,0,0,0,0,0.0,0.0,0.0,0.0,0.0,0.0
90,C:\Users\ramosv\Desktop\MileHighHack\organize_chaos\Documents\mariana@thefaxdenver.com\ID Intro Biz email_.docx,121,0,9,0,0,0,0,0.0,0.0743801652892562,0.0,0.0,0.0,0.0
91,C:\Users\ramosv\Desktop\MileHighHack\organize_chaos\Documents\mariana@thefaxdenver.com\ID_Breakfast_Agenda.docx,608,1,16,0,0,0,0,0.001644736842105263,0.02631578947368421,0.0,0.0,0.0,0.0
92,C:\Users\ramosv\Desktop\MileHighHack\organize_chaos\Documents\mariana@thefaxdenver.com\IEC_Sept_Run of Show.docx,2,0,0,0,0,0,0,0.0,0.0,0.0,0.0,0.0,0.0
93,C:\Users\ramosv\Desktop\MileHighHack\organize_chaos\Documents\mariana@thefaxdenver.com\International Cultural District Meeting 2_4_22.docx,66,0,0,0,0,0,0,0.0,0.0,0.0,0.0,0.0,0.0
94,C:\Users\ramosv\Desktop\MileHighHack\organize_chaos\Documents\mariana@thefaxdenver.com\International District Phases.docx,52,0,0,0,0,0,0,0.0,0.0,0.0,0.0,0.0,0.0
95,C:\Users\ramosv\Desktop\MileHighHack\organize_chaos\Documents\mariana@thefaxdenver.com\Intuit Blank_Direct-Deposit-Form(1).docx,139,0,0,0,0,0,0,0.0,0.0,0.0,0.0,0.0,0.0
96,C:\Users\ramosv\Desktop\MileHighHack\organize_chaos\Documents\mariana@thefaxdenver.com\Intuit Blank_Direct-Deposit-Form.docx,139,0,0,0,0,0,0,0.0,0.0,0.0,0.0,0.0,0.0
97,C:\Users\ramosv\Desktop\MileHighHack\organize_chaos\Documents\mariana@thefaxdenver.com\Land acquisition.docx,71,0,0,0,0,0,0,0.0,0.0,0.0,0.0,0.0,0.0
98,C:\Users\ramosv\Desktop\MileHighHack\organize_chaos\Documents\mariana@thefaxdenver.com\Mariana_s 6 month review.docx,143,0,1,0,0,0,0,0.0,0.006993006993006993,0.0,0.0,0.0,0.0
99,C:\Users\ramosv\Desktop\MileHighHack\organize_chaos\Documents\mariana@thefaxdenver.com\Meeting with David_.docx,209,0,4,0,3,0,0,0.0,0.019138755980861243,0.0,0.014354066985645933,0.0,0.0
100,C:\Users\ramosv\Desktop\MileHighHack\organize_chaos\Documents\mariana@thefaxdenver.com\Mini Grants SOWTHE_FAX.docx,117,0,8,0,3,0,0,0.0,0.06837606837606838,0.0,0.02564102564102564,0.0,0.0
101,C:\Users\ramosv\Desktop\MileHighHack\organize_chaos\Documents\mariana@thefaxdenver.com\Montclair _Focus_Group.docx,50,0,0,0,0,0,0,0.0,0.0,0.0,0.0,0.0,0.0
102,C:\Users\ramosv\Desktop\MileHighHack\organize_chaos\Documents\mariana@thefaxdenver.com\M_A_M Meeting 8_30_2021.docx,43,0,0,0,0,0,0,0.0,0.0,0.0,0.0,0.0,0.0
103,C:\Users\ramosv\Desktop\MileHighHack\organize_chaos\Documents\mariana@thefaxdenver.com\Notes for Meeting with John F. 2_17_22.docx,32,0,0,0,0,0,0,0.0,0.0,0.0,0.0,0.0,0.0
104,C:\Users\ramosv\Desktop\MileHighHack\organize_chaos\Documents\mariana@thefaxdenver.com\Nov 2021 Fax Board Minutes.docx,27,0,0,0,0,0,0,0.0,0.0,0.0,0.0,0.0,0.0
105,C:\Users\ramosv\Desktop\MileHighHack\organize_chaos\Documents\mariana@thefaxdenver.com\Org_Chart.docx,0,0,0,0,0,0,0,,,,,,
106,C:\Users\ramosv\Desktop\MileHighHack\organize_chaos\Documents\mariana@thefaxdenver.com\Participatory_Budgeting.docx,552,0,6,6,12,0,0,0.0,0.010869565217391304,0.010869565217391304,0.021739130434782608,0.0,0.0
107,C:\Users\ramosv\Desktop\MileHighHack\organize_chaos\Documents\mariana@thefaxdenver.com\PERFORMANCE REVIEW.docx,152,0,0,0,0,0,0,0.0,0.0,0.0,0.0,0.0,0.0
108,C:\Users\ramosv\Desktop\MileHighHack\organize_chaos\Documents\mariana@thefaxdenver.com\Postcard text.docx,60,0,4,0,0,0,0,0.0,0.06666666666666667,0.0,0.0,0.0,0.0
109,C:\Users\ramosv\Desktop\MileHighHack\organize_chaos\Documents\mariana@thefaxdenver.com\Project proposal(1).docx,123,0,0,0,0,0,0,0.0,0.0,0.0,0.0,0.0,0.0
110,C:\Users\ramosv\Desktop\MileHighHack\organize_chaos\Documents\mariana@thefaxdenver.com\Project proposal.docx,123,0,0,0,0,0,0,0.0,0.0,0.0,0.0,0.0,0.0
111,C:\Users\ramosv\Desktop\MileHighHack\organize_chaos\Documents\mariana@thefaxdenver.com\SHIFT 2021 Application_The_Fax_Partnership.docx,215,0,1,0,0,0,0,0.0,0.004651162790697674,0.0,0.0,0.0,0.0
112,C:\Users\ramosv\Desktop\MileHighHack\organize_chaos\Documents\mariana@thefaxdenver.com\Untitled document(1).docx,24,0,0,0,0,0,0,0.0,0.0,0.0,0.0,0.0,0.0
113,C:\Users\ramosv\Desktop\MileHighHack\organize_chaos\Documents\mariana@thefaxdenver.com\Untitled document.docx,0,0,0,0,0,0,0,,,,,,
114,C:\Users\ramosv\Desktop\MileHighHack\organize_chaos\Documents\mariana@thefaxdenver.com\Vaccine Clinic meeting.docx,87,0,0,0,0,0,0,0.0,0.0,0.0,0.0,0.0,0.0
115,C:\Users\ramosv\Desktop\MileHighHack\organize_chaos\Documents\mariana@thefaxdenver.com\Veronica Conchas_Nov 2021_EMPLOYEE REVIEW.docx,167,0,1,0,3,0,0,0.0,0.005988023952095809,0.0,0.017964071856287425,0.0,0.0
116,C:\Users\ramosv\Desktop\MileHighHack\organize_chaos\Documents\mariana@thefaxdenver.com\Wells Fargo_Hope to Streets_Fax.docx,280,0,30,0,15,0,0,0.0,0.10714285714285714,0.0,0.05357142857142857,0.0,0.0
117,C:\Users\ramosv\Desktop\MileHighHack\organize_chaos\Documents\mariana@thefaxdenver.com\BSO Friday Meetings\03-25-22_Fri_BSO Meeting.docx,57,0,0,0,0,0,0,0.0,0.0,0.0,0.0,0.0,0.0
118,C:\Users\ramosv\Desktop\MileHighHack\organize_chaos\Documents\mariana@thefaxdenver.com\BSO Friday Meetings\04-01-22_BSO Meeting.docx,3,0,0,0,0,0,0,0.0,0.0,0.0,0.0,0.0,0.0
119,C:\Users\ramosv\Desktop\MileHighHack\organize_chaos\Documents\mariana@thefaxdenver.com\BSO Friday Meetings\4-22-22_BSO Meeting.docx,5,0,0,0,0,0,0,0.0,0.0,0.0,0.0,0.0,0.0
120,C:\Users\ramosv\Desktop\MileHighHack\organize_chaos\Documents\mariana@thefaxdenver.com\BSO Friday Meetings\4_15_22_BSO Meeting.docx,5,0,0,0,0,0,0,0.0,0.0,0.0,0.0,0.0,0.0
121,C:\Users\ramosv\Desktop\MileHighHack\organize_chaos\Documents\mariana@thefaxdenver.com\BSO Friday Meetings\4_29_22_BSO Meeting.docx,5,0,0,0,0,0,0,0.0,0.0,0.0,0.0,0.0,0.0
122,C:\Users\ramosv\Desktop\MileHighHack\organize_chaos\Documents\mariana@thefaxdenver.com\BSO Friday Meetings\4_8_22 BSO_Fri_Meeting.docx,3,0,0,0,0,0,0,0.0,0.0,0.0,0.0,0.0,0.0
123,C:\Users\ramosv\Desktop\MileHighHack\organize_chaos\Documents\mariana@thefaxdenver.com\BSO Friday Meetings\5_6_22_BSO_friday_agenda.docx,5,0,0,0,0,0,0,0.0,0.0,0.0,0.0,0.0,0.0
124,C:\Users\ramosv\Desktop\MileHighHack\organize_chaos\Documents\mariana@thefaxdenver.com\BSO Friday Meetings\April 18th_Staff_weekly_meeting.docx,4,0,0,0,0,0,0,0.0,0.0,0.0,0.0,0.0,0.0
125,C:\Users\ramosv\Desktop\MileHighHack\organize_chaos\Documents\mariana@thefaxdenver.com\BSO Friday Meetings\BSO_meetingagenda_2_18_22.docx,92,0,7,0,0,0,0,0.0,0.07608695652173914,0.0,0.0,0.0,0.0
126,C:\Users\ramosv\Desktop\MileHighHack\organize_chaos\Documents\mariana@thefaxdenver.com\BSO Friday Meetings\BSO_meetingagenda_2_25_22.docx,92,0,7,0,0,0,0,0.0,0.07608695652173914,0.0,0.0,0.0,0.0
127,C:\Users\ramosv\Desktop\MileHighHack\organize_chaos\Documents\mariana@thefaxdenver.com\BSO Friday Meetings\BSO_meetingagenda_3_4_22.docx,85,0,4,0,0,0,0,0.0,0.047058823529411764,0.0,0.0,0.0,0.0
128,C:\Users\ramosv\Desktop\MileHighHack\organize_chaos\Documents\mariana@thefaxdenver.com\BSO Friday Meetings\BSO_meeting_agenda_3_11_22.docx,158,0,5,0,0,0,0,0.0,0.03164556962025317,0.0,0.0,0.0,0.0
129,C:\Users\ramosv\Desktop\MileHighHack\organize_chaos\Documents\mariana@thefaxdenver.com\International Business District\022822-I-District To Do.docx,38,0,0,0,0,0,0,0.0,0.0,0.0,0.0,0.0,0.0
130,C:\Users\ramosv\Desktop\MileHighHack\organize_chaos\Documents\mariana@thefaxdenver.com\International Business District\BusinessDistrictResearch.docx,189,0,9,0,0,0,0,0.0,0.047619047619047616,0.0,0.0,0.0,0.0
131,C:\Users\ramosv\Desktop\MileHighHack\organize_chaos\Documents\mariana@thefaxdenver.com\International Business District\Communications team meeting 3_9_22.docx,54,0,0,0,0,0,0,0.0,0.0,0.0,0.0,0.0,0.0
132,C:\Users\ramosv\Desktop\MileHighHack\organize_chaos\Documents\mariana@thefaxdenver.com\International Business District\Community-engagement-plan-1_18_22.docx,0,0,0,0,0,0,0,,,,,,
133,C:\Users\ramosv\Desktop\MileHighHack\organize_chaos\Documents\mariana@thefaxdenver.com\International Business District\Cristina_SOW .docx,169,0,2,0,0,0,0,0.0,0.011834319526627219,0.0,0.0,0.0,0.0
134,C:\Users\ramosv\Desktop\MileHighHack\organize_chaos\Documents\mariana@thefaxdenver.com\International Business District\Instructions- CE Plan table .docx,0,0,0,0,0,0,0,,,,,,
135,C:\Users\ramosv\Desktop\MileHighHack\organize_chaos\Documents\mariana@thefaxdenver.com\International Business District\JJ Folsom_.docx,49,0,0,0,0,0,0,0.0,0.0,0.0,0.0,0.0,0.0
136,C:\Users\ramosv\Desktop\MileHighHack\organize_chaos\Documents\mariana@thefaxdenver.com\International Business District\Recomendation.docx,70,0,1,0,0,0,0,0.0,0.014285714285714285,0.0,0.0,0.0,0.0
137,C:\Users\ramosv\Desktop\MileHighHack\organize_chaos\Documents\mariana@thefaxdenver.com\International Business District\RFP for The Shift for 2021.docx,196,0,0,0,0,0,0,0.0,0.0,0.0,0.0,0.0,0.0
138,C:\Users\ramosv\Desktop\MileHighHack\organize_chaos\Documents\mariana@thefaxdenver.com\International Business District\Save-the-Date email draft.docx,76,0,7,0,0,0,0,0.0,0.09210526315789473,0.0,0.0,0.0,0.0
139,C:\Users\ramosv\Desktop\MileHighHack\organize_chaos\Documents\mariana@thefaxdenver.com\International Business District\SHIFT 2021 Application_The_Fax_Partnership.docx,215,0,1,0,0,0,0,0.0,0.004651162790697674,0.0,0.0,0.0,0.0
140,C:\Users\ramosv\Desktop\MileHighHack\organize_chaos\Documents\mariana@thefaxdenver.com\International Business District\TDFResponse.docx,413,0,36,0,18,0,0,0.0,0.08716707021791767,0.0,0.043583535108958835,0.0,0.0
141,C:\Users\ramosv\Desktop\MileHighHack\organize_chaos\Documents\mariana@thefaxdenver.com\International Business District\Focus Groups\111621_ECNA Focus group(1).docx,323,0,6,0,0,0,0,0.0,0.018575851393188854,0.0,0.0,0.0,0.0
142,C:\Users\ramosv\Desktop\MileHighHack\organize_chaos\Documents\mariana@thefaxdenver.com\International Business District\Focus Groups\111621_ECNA Focus group.docx,323,0,6,0,0,0,0,0.0,0.018575851393188854,0.0,0.0,0.0,0.0
143,C:\Users\ramosv\Desktop\MileHighHack\organize_chaos\Documents\mariana@thefaxdenver.com\International Business District\Focus Groups\CopyofFocusGroupDiscussionGuideResidents.docx,620,0,11,2,3,0,0,0.0,0.017741935483870968,0.0032258064516129032,0.004838709677419355,0.0,0.0
144,C:\Users\ramosv\Desktop\MileHighHack\organize_chaos\Documents\mariana@thefaxdenver.com\International Business District\Focus Groups\FG recruitment email__letter(1).docx,91,0,3,0,0,0,0,0.0,0.03296703296703297,0.0,0.0,0.0,0.0
145,C:\Users\ramosv\Desktop\MileHighHack\organize_chaos\Documents\mariana@thefaxdenver.com\International Business District\Focus Groups\FG recruitment email__letter.docx,120,0,4,0,3,0,0,0.0,0.03333333333333333,0.0,0.025,0.0,0.0
146,C:\Users\ramosv\Desktop\MileHighHack\organize_chaos\Documents\mariana@thefaxdenver.com\International Business District\Focus Groups\FGTo_Do.docx,16,0,1,0,0,0,0,0.0,0.0625,0.0,0.0,0.0,0.0
147,C:\Users\ramosv\Desktop\MileHighHack\organize_chaos\Documents\mariana@thefaxdenver.com\International Business District\Focus Groups\FocusFgroupFlyer(1).docx,37,0,1,0,0,0,0,0.0,0.02702702702702703,0.0,0.0,0.0,0.0
148,C:\Users\ramosv\Desktop\MileHighHack\organize_chaos\Documents\mariana@thefaxdenver.com\International Business District\Focus Groups\FocusFgroupFlyer.docx,53,0,0,0,0,0,0,0.0,0.0,0.0,0.0,0.0,0.0
149,C:\Users\ramosv\Desktop\MileHighHack\organize_chaos\Documents\mariana@thefaxdenver.com\International Business District\Focus Groups\FocusGroupDiscussionGuide -Residents(1).docx,628,0,14,2,3,0,0,0.0,0.022292993630573247,0.0031847133757961785,0.004777070063694267,0.0,0.0
150,C:\Users\ramosv\Desktop\MileHighHack\organize_chaos\Documents\mariana@thefaxdenver.com\International Business District\Focus Groups\FocusGroupDiscussionGuide -Residents.docx,611,0,10,2,3,0,0,0.0,0.016366612111292964,0.0032733224222585926,0.004909983633387889,0.0,0.0
151,C:\Users\ramosv\Desktop\MileHighHack\organize_chaos\Documents\mariana@thefaxdenver.com\International Business District\Focus Groups\FocusGroupDiscussionGuideBusiness(1).docx,735,0,21,2,3,0,0,0.0,0.02857142857142857,0.0027210884353741495,0.004081632653061225,0.0,0.0
152,C:\Users\ramosv\Desktop\MileHighHack\organize_chaos\Documents\mariana@thefaxdenver.com\International Business District\Focus Groups\FocusGroupDiscussionGuideBusiness.docx,620,0,11,2,3,0,0,0.0,0.017741935483870968,0.0032258064516129032,0.004838709677419355,0.0,0.0
153,C:\Users\ramosv\Desktop\MileHighHack\organize_chaos\Documents\mariana@thefaxdenver.com\International Business District\Focus Groups\Focus_Group_Report.docx,5,0,0,0,0,0,0,0.0,0.0,0.0,0.0,0.0,0.0
154,C:\Users\ramosv\Desktop\MileHighHack\organize_chaos\Documents\mariana@thefaxdenver.com\International Business District\Letters of Support\Letter_of_support_ID.docx,82,0,0,0,0,0,0,0.0,0.0,0.0,0.0,0.0,0.0
155,C:\Users\ramosv\Desktop\MileHighHack\organize_chaos\Documents\mariana@thefaxdenver.com\KAISER\Colorado-Common-Grant-Report-_The_Fax_Partnership.docx,322,0,0,0,0,0,0,0.0,0.0,0.0,0.0,0.0,0.0
156,C:\Users\ramosv\Desktop\MileHighHack\organize_chaos\Documents\mariana@thefaxdenver.com\KAISER\Kaiser Report Narrative.docx,493,0,28,0,0,0,0,0.0,0.056795131845841784,0.0,0.0,0.0,0.0
157,C:\Users\ramosv\Desktop\MileHighHack\organize_chaos\Documents\mariana@thefaxdenver.com\RSO\RSO_meetingagenda_2_18_22.docx,23,0,0,0,0,0,0,0.0,0.0,0.0,0.0,0.0,0.0
158,C:\Users\ramosv\Desktop\MileHighHack\organize_chaos\Documents\mariana@thefaxdenver.com\RSO\RSO_meetingagenda_2_25_22.docx,23,0,0,0,0,0,0,0.0,0.0,0.0,0.0,0.0,0.0
159,C:\Users\ramosv\Desktop\MileHighHack\organize_chaos\Documents\mariana@thefaxdenver.com\RSO\RSO_meetingagenda_3_4_22.docx,44,0,0,0,0,0,0,0.0,0.0,0.0,0.0,0.0,0.0
160,C:\Users\ramosv\Desktop\MileHighHack\organize_chaos\Documents\mariana@thefaxdenver.com\RSO\RSO_meeting_agenda_3_10_22.docx,36,0,0,0,0,0,0,0.0,0.0,0.0,0.0,0.0,0.0
161,C:\Users\ramosv\Desktop\MileHighHack\organize_chaos\Documents\mariana@thefaxdenver.com\RSO\RSO_meeting_agenda_4_01_22.docx,30,0,0,0,0,0,0,0.0,0.0,0.0,0.0,0.0,0.0
162,C:\Users\ramosv\Desktop\MileHighHack\organize_chaos\Documents\mariana@thefaxdenver.com\Staff Meeting Agendas\01_10_22_Staff Meeting Agenda.docx,4,0,0,0,0,0,0,0.0,0.0,0.0,0.0,0.0,0.0
163,C:\Users\ramosv\Desktop\MileHighHack\organize_chaos\Documents\mariana@thefaxdenver.com\Staff Meeting Agendas\01_31_22_Staff Meeting Agenda.docx,4,0,0,0,0,0,0,0.0,0.0,0.0,0.0,0.0,0.0
164,C:\Users\ramosv\Desktop\MileHighHack\organize_chaos\Documents\mariana@thefaxdenver.com\Staff Meeting Agendas\02_07_22_Staff Meeting Agenda.docx,4,0,0,0,0,0,0,0.0,0.0,0.0,0.0,0.0,0.0
165,C:\Users\ramosv\Desktop\MileHighHack\organize_chaos\Documents\mariana@thefaxdenver.com\Staff Meeting Agendas\02_28_22_Staff Meeting Agenda.docx,4,0,0,0,0,0,0,0.0,0.0,0.0,0.0,0.0,0.0
166,C:\Users\ramosv\Desktop\MileHighHack\organize_chaos\Documents\mariana@thefaxdenver.com\Staff Meeting Agendas\03_07_22_Staff Meeting Agenda.docx,4,0,0,0,0,0,0,0.0,0.0,0.0,0.0,0.0,0.0
167,C:\Users\ramosv\Desktop\MileHighHack\organize_chaos\Documents\mariana@thefaxdenver.com\Staff Meeting Agendas\03_14_22_Staff Meeting Agenda.docx,4,0,0,0,0,0,0,0.0,0.0,0.0,0.0,0.0,0.0
168,C:\Users\ramosv\Desktop\MileHighHack\organize_chaos\Documents\mariana@thefaxdenver.com\Staff Meeting Agendas\03_28_22_Staff Meeting Agenda.docx,4,0,0,0,0,0,0,0.0,0.0,0.0,0.0,0.0,0.0
169,C:\Users\ramosv\Desktop\MileHighHack\organize_chaos\Documents\mariana@thefaxdenver.com\Staff Meeting Agendas\04_04_22_Staff Meeting Agenda.docx,4,0,0,0,0,0,0,0.0,0.0,0.0,0.0,0.0,0.0
170,C:\Users\ramosv\Desktop\MileHighHack\organize_chaos\Documents\mariana@thefaxdenver.com\Staff Meeting Agendas\11_09_21_Staff Meeting Agenda.docx,4,0,0,0,0,0,0,0.0,0.0,0.0,0.0,0.0,0.0
171,C:\Users\ramosv\Desktop\MileHighHack\organize_chaos\Documents\mariana@thefaxdenver.com\Staff Meeting Agendas\11_22_21_Staff Meeting Agenda.docx,4,0,0,0,0,0,0,0.0,0.0,0.0,0.0,0.0,0.0
172,C:\Users\ramosv\Desktop\MileHighHack\organize_chaos\Documents\mariana@thefaxdenver.com\Staff Meeting Agendas\12_06_21_Staff Meeting Agenda.docx,4,0,0,0,0,0,0,0.0,0.0,0.0,0.0,0.0,0.0
173,C:\Users\ramosv\Desktop\MileHighHack\organize_chaos\Documents\mariana@thefaxdenver.com\Staff Meeting Agendas\12_13_21_Staff Meeting Agenda.docx,4,0,0,0,0,0,0,0.0,0.0,0.0,0.0,0.0,0.0
174,C:\Users\ramosv\Desktop\MileHighHack\organize_chaos\Documents\mariana@thefaxdenver.com\Staff Meeting Agendas\12_20_21_Staff Meeting Agenda.docx,4,0,0,0,0,0,0,0.0,0.0,0.0,0.0,0.0,0.0
175,C:\Users\ramosv\Desktop\MileHighHack\organize_chaos\Documents\mariana@thefaxdenver.com\Staff Meeting Agendas\Copy of  02_28_22_Staff Meeting Agenda.docx,4,0,0,0,0,0,0,0.0,0.0,0.0,0.0,0.0,0.0
176,C:\Users\ramosv\Desktop\MileHighHack\organize_chaos\Documents\Salary Worksheet\April\April_Amalaku.docx,21,0,0,0,0,0,0,0.0,0.0,0.0,0.0,0.0,0.0
177,C:\Users\ramosv\Desktop\MileHighHack\organize_chaos\Documents\Salary Worksheet\April\April_Aseel.docx,21,0,0,0,0,0,0,0.0,0.0,0.0,0.0,0.0,0.0
178,C:\Users\ramosv\Desktop\MileHighHack\organize_chaos\Documents\Salary Worksheet\April\April_Honey.docx,22,0,0,0,0,0,0,0.0,0.0,0.0,0.0,0.0,0.0
179,C:\Users\ramosv\Desktop\MileHighHack\organize_chaos\Documents\Salary Worksheet\April\April_Monica.docx,22,0,0,0,0,0,0,0.0,0.0,0.0,0.0,0.0,0.0
180,C:\Users\ramosv\Desktop\MileHighHack\organize_chaos\Documents\Salary Worksheet\April\April_Sabe.docx,22,0,0,0,0,0,0,0.0,0.0,0.0,0.0,0.0,0.0
181,C:\Users\ramosv\Desktop\MileHighHack\organize_chaos\Documents\Salary Worksheet\April\April_Veronica.docx,21,0,0,0,0,0,0,0.0,0.0,0.0,0.0,0.0,0.0
182,C:\Users\ramosv\Desktop\MileHighHack\organize_chaos\Documents\Salary Worksheet\Aug\Aug_Amlaku.docx,21,0,0,0,0,0,0,0.0,0.0,0.0,0.0,0.0,0.0
183,C:\Users\ramosv\Desktop\MileHighHack\organize_chaos\Documents\Salary Worksheet\Aug\Aug_Aseel.docx,21,0,0,0,0,0,0,0.0,0.0,0.0,0.0,0.0,0.0
184,C:\Users\ramosv\Desktop\MileHighHack\organize_chaos\Documents\Salary Worksheet\Aug\Aug_Honey.docx,22,0,0,0,0,0,0,0.0,0.0,0.0,0.0,0.0,0.0
185,C:\Users\ramosv\Desktop\MileHighHack\organize_chaos\Documents\Salary Worksheet\Aug\Aug_Kelly.docx,21,0,0,0,0,0,0,0.0,0.0,0.0,0.0,0.0,0.0
186,C:\Users\ramosv\Desktop\MileHighHack\organize_chaos\Documents\Salary Worksheet\Aug\Aug_Monica.docx,21,0,0,0,0,0,0,0.0,0.0,0.0,0.0,0.0,0.0
187,C:\Users\ramosv\Desktop\MileHighHack\organize_chaos\Documents\Salary Worksheet\Aug\Aug_Sabe.docx,23,0,0,0,0,0,0,0.0,0.0,0.0,0.0,0.0,0.0
188,C:\Users\ramosv\Desktop\MileHighHack\organize_chaos\Documents\Salary Worksheet\Aug\Aug_Veronica.docx,21,0,0,0,0,0,0,0.0,0.0,0.0,0.0,0.0,0.0
189,C:\Users\ramosv\Desktop\MileHighHack\organize_chaos\Documents\Salary Worksheet\Aug\Oct_Sabe.docx,23,0,0,0,0,0,0,0.0,0.0,0.0,0.0,0.0,0.0
190,C:\Users\ramosv\Desktop\MileHighHack\organize_chaos\Documents\Salary Worksheet\Dec\Dec_Aseel.docx,21,0,0,0,0,0,0,0.0,0.0,0.0,0.0,0.0,0.0
191,C:\Users\ramosv\Desktop\MileHighHack\organize_chaos\Documents\Salary Worksheet\Dec\Dec_Honey.docx,22,0,0,0,0,0,0,0.0,0.0,0.0,0.0,0.0,0.0
192,C:\Users\ramosv\Desktop\MileHighHack\organize_chaos\Documents\Salary Worksheet\Dec\Dec_Monica.docx,21,0,0,0,0,0,0,0.0,0.0,0.0,0.0,0.0,0.0
193,C:\Users\ramosv\Desktop\MileHighHack\organize_chaos\Documents\Salary Worksheet\Dec\Dec_Sabe.docx,23,0,0,0,0,0,0,0.0,0.0,0.0,0.0,0.0,0.0
194,C:\Users\ramosv\Desktop\MileHighHack\organize_chaos\Documents\Salary Worksheet\Dec\Dec_Veronica.docx,19,0,0,0,0,0,0,0.0,0.0,0.0,0.0,0.0,0.0
195,C:\Users\ramosv\Desktop\MileHighHack\organize_chaos\Documents\Salary Worksheet\Feb\Feb_Amalaku.docx,21,0,0,0,0,0,0,0.0,0.0,0.0,0.0,0.0,0.0
196,C:\Users\ramosv\Desktop\MileHighHack\organize_chaos\Documents\Salary Worksheet\Feb\Feb_Honey.docx,23,0,0,0,0,0,0,0.0,0.0,0.0,0.0,0.0,0.0
197,C:\Users\ramosv\Desktop\MileHighHack\organize_chaos\Documents\Salary Worksheet\Feb\Feb_Mariana.docx,22,0,0,0,0,0,0,0.0,0.0,0.0,0.0,0.0,0.0
198,C:\Users\ramosv\Desktop\MileHighHack\organize_chaos\Documents\Salary Worksheet\Feb\Feb_Monica.docx,23,0,0,0,0,0,0,0.0,0.0,0.0,0.0,0.0,0.0
199,C:\Users\ramosv\Desktop\MileHighHack\organize_chaos\Documents\Salary Worksheet\Feb\Feb_Sabe.docx,23,0,0,0,0,0,0,0.0,0.0,0.0,0.0,0.0,0.0
200,C:\Users\ramosv\Desktop\MileHighHack\organize_chaos\Documents\Salary Worksheet\Feb\Feb_Veronica.docx,22,0,0,0,0,0,0,0.0,0.0,0.0,0.0,0.0,0.0
201,C:\Users\ramosv\Desktop\MileHighHack\organize_chaos\Documents\Salary Worksheet\Jan\Jan_Amalaku.docx,21,0,0,0,0,0,0,0.0,0.0,0.0,0.0,0.0,0.0
202,C:\Users\ramosv\Desktop\MileHighHack\organize_chaos\Documents\Salary Worksheet\Jan\Jan_Mariana.docx,22,0,0,0,0,0,0,0.0,0.0,0.0,0.0,0.0,0.0
203,C:\Users\ramosv\Desktop\MileHighHack\organize_chaos\Documents\Salary Worksheet\Jan\Jan_Monica.docx,23,0,0,0,0,0,0,0.0,0.0,0.0,0.0,0.0,0.0
204,C:\Users\ramosv\Desktop\MileHighHack\organize_chaos\Documents\Salary Worksheet\Jan\Jan_Sabe.docx,23,0,0,0,0,0,0,0.0,0.0,0.0,0.0,0.0,0.0
205,C:\Users\ramosv\Desktop\MileHighHack\organize_chaos\Documents\Salary Worksheet\Jan\Jan_Veronica.docx,22,0,0,0,0,0,0,0.0,0.0,0.0,0.0,0.0,0.0
206,C:\Users\ramosv\Desktop\MileHighHack\organize_chaos\Documents\Salary Worksheet\July\July_Amlaku.docx,21,0,0,0,0,0,0,0.0,0.0,0.0,0.0,0.0,0.0
207,C:\Users\ramosv\Desktop\MileHighHack\organize_chaos\Documents\Salary Worksheet\July\July_Aseel.docx,21,0,0,0,0,0,0,0.0,0.0,0.0,0.0,0.0,0.0
208,C:\Users\ramosv\Desktop\MileHighHack\organize_chaos\Documents\Salary Worksheet\July\July_Honey.docx,21,0,0,0,0,0,0,0.0,0.0,0.0,0.0,0.0,0.0
209,C:\Users\ramosv\Desktop\MileHighHack\organize_chaos\Documents\Salary Worksheet\July\July_Kelly.docx,21,0,0,0,0,0,0,0.0,0.0,0.0,0.0,0.0,0.0
210,C:\Users\ramosv\Desktop\MileHighHack\organize_chaos\Documents\Salary Worksheet\July\July_Monica.docx,21,0,0,0,0,0,0,0.0,0.0,0.0,0.0,0.0,0.0
211,C:\Users\ramosv\Desktop\MileHighHack\organize_chaos\Documents\Salary Worksheet\July\July_Sabe.docx,20,0,0,0,0,0,0,0.0,0.0,0.0,0.0,0.0,0.0
212,C:\Users\ramosv\Desktop\MileHighHack\organize_chaos\Documents\Salary Worksheet\July\July_Veronica.docx,21,0,0,0,0,0,0,0.0,0.0,0.0,0.0,0.0,0.0
213,C:\Users\ramosv\Desktop\MileHighHack\organize_chaos\Documents\Salary Worksheet\June\June_Amlaku.docx,21,0,0,0,0,0,0,0.0,0.0,0.0,0.0,0.0,0.0
214,C:\Users\ramosv\Desktop\MileHighHack\organize_chaos\Documents\Salary Worksheet\June\June_Aseel.docx,21,0,0,0,0,0,0,0.0,0.0,0.0,0.0,0.0,0.0
215,C:\Users\ramosv\Desktop\MileHighHack\organize_chaos\Documents\Salary Worksheet\June\June_Honey.docx,21,0,0,0,0,0,0,0.0,0.0,0.0,0.0,0.0,0.0
216,C:\Users\ramosv\Desktop\MileHighHack\organize_chaos\Documents\Salary Worksheet\June\June_Kelly.docx,21,0,0,0,0,0,0,0.0,0.0,0.0,0.0,0.0,0.0
217,C:\Users\ramosv\Desktop\MileHighHack\organize_chaos\Documents\Salary Worksheet\June\June_Monica.docx,21,0,0,0,0,0,0,0.0,0.0,0.0,0.0,0.0,0.0
218,C:\Users\ramosv\Desktop\MileHighHack\organize_chaos\Documents\Salary Worksheet\June\June_Sabe.docx,20,0,0,0,0,0,0,0.0,0.0,0.0,0.0,0.0,0.0
219,C:\Users\ramosv\Desktop\MileHighHack\organize_chaos\Documents\Salary Worksheet\June\June\June_Veronica.docx,21,0,0,0,0,0,0,0.0,0.0,0.0,0.0,0.0,0.0
220,C:\Users\ramosv\Desktop\MileHighHack\organize_chaos\Documents\Salary Worksheet\March\March_Amalaku.docx,21,0,0,0,0,0,0,0.0,0.0,0.0,0.0,0.0,0.0
221,C:\Users\ramosv\Desktop\MileHighHack\organize_chaos\Documents\Salary Worksheet\March\March_Aseel.docx,22,0,0,0,0,0,0,0.0,0.0,0.0,0.0,0.0,0.0
222,C:\Users\ramosv\Desktop\MileHighHack\organize_chaos\Documents\Salary Worksheet\March\March_Honey.docx,23,0,0,0,0,0,0,0.0,0.0,0.0,0.0,0.0,0.0
223,C:\Users\ramosv\Desktop\MileHighHack\organize_chaos\Documents\Salary Worksheet\March\March_Mariana.docx,22,0,0,0,0,0,0,0.0,0.0,0.0,0.0,0.0,0.0
224,C:\Users\ramosv\Desktop\MileHighHack\organize_chaos\Documents\Salary Worksheet\March\March_Monica.docx,23,0,0,0,0,0,0,0.0,0.0,0.0,0.0,0.0,0.0
225,C:\Users\ramosv\Desktop\MileHighHack\organize_chaos\Documents\Salary Worksheet\March\March_Sabe.docx,23,0,0,0,0,0,0,0.0,0.0,0.0,0.0,0.0,0.0
226,C:\Users\ramosv\Desktop\MileHighHack\organize_chaos\Documents\Salary Worksheet\March\March_Veronica.docx,22,0,0,0,0,0,0,0.0,0.0,0.0,0.0,0.0,0.0
227,C:\Users\ramosv\Desktop\MileHighHack\organize_chaos\Documents\Salary Worksheet\May\May_Amalaku.docx,21,0,0,0,0,0,0,0.0,0.0,0.0,0.0,0.0,0.0
228,C:\Users\ramosv\Desktop\MileHighHack\organize_chaos\Documents\Salary Worksheet\May\May_Aseel.docx,21,0,0,0,0,0,0,0.0,0.0,0.0,0.0,0.0,0.0
229,C:\Users\ramosv\Desktop\MileHighHack\organize_chaos\Documents\Salary Worksheet\May\May_Honey.docx,21,0,0,0,0,0,0,0.0,0.0,0.0,0.0,0.0,0.0
230,C:\Users\ramosv\Desktop\MileHighHack\organize_chaos\Documents\Salary Worksheet\May\May_Kelly.docx,22,0,0,0,0,0,0,0.0,0.0,0.0,0.0,0.0,0.0
231,C:\Users\ramosv\Desktop\MileHighHack\organize_chaos\Documents\Salary Worksheet\May\May_Monica.docx,21,0,0,0,0,0,0,0.0,0.0,0.0,0.0,0.0,0.0
232,C:\Users\ramosv\Desktop\MileHighHack\organize_chaos\Documents\Salary Worksheet\May\May_Sabe.docx,20,0,0,0,0,0,0,0.0,0.0,0.0,0.0,0.0,0.0
233,C:\Users\ramosv\Desktop\MileHighHack\organize_chaos\Documents\Salary Worksheet\May\May\May\May_Veronica.docx,21,0,0,0,0,0,0,0.0,0.0,0.0,0.0,0.0,0.0
234,C:\Users\ramosv\Desktop\MileHighHack\organize_chaos\Documents\Salary Worksheet\Nov\Nov_Aseel.docx,21,0,0,0,0,0,0,0.0,0.0,0.0,0.0,0.0,0.0
235,C:\Users\ramosv\Desktop\MileHighHack\organize_chaos\Documents\Salary Worksheet\Nov\Nov_Honey.docx,22,0,0,0,0,0,0,0.0,0.0,0.0,0.0,0.0,0.0
236,C:\Users\ramosv\Desktop\MileHighHack\organize_chaos\Documents\Salary Worksheet\Nov\Nov_Kelly.docx,21,0,0,0,0,0,0,0.0,0.0,0.0,0.0,0.0,0.0
237,C:\Users\ramosv\Desktop\MileHighHack\organize_chaos\Documents\Salary Worksheet\Nov\Nov_Monica.docx,21,0,0,0,0,0,0,0.0,0.0,0.0,0.0,0.0,0.0
238,C:\Users\ramosv\Desktop\MileHighHack\organize_chaos\Documents\Salary Worksheet\Nov\Nov_Sabe.docx,23,0,0,0,0,0,0,0.0,0.0,0.0,0.0,0.0,0.0
239,C:\Users\ramosv\Desktop\MileHighHack\organize_chaos\Documents\Salary Worksheet\Nov\Nov_Veronica.docx,18,0,0,0,0,0,0,0.0,0.0,0.0,0.0,0.0,0.0
240,C:\Users\ramosv\Desktop\MileHighHack\organize_chaos\Documents\Salary Worksheet\Oct\Oct_Aseel.docx,21,0,0,0,0,0,0,0.0,0.0,0.0,0.0,0.0,0.0
241,C:\Users\ramosv\Desktop\MileHighHack\organize_chaos\Documents\Salary Worksheet\Oct\Oct_Honey.docx,22,0,0,0,0,0,0,0.0,0.0,0.0,0.0,0.0,0.0
242,C:\Users\ramosv\Desktop\MileHighHack\organize_chaos\Documents\Salary Worksheet\Oct\Oct_Kelly.docx,21,0,0,0,0,0,0,0.0,0.0,0.0,0.0,0.0,0.0
243,C:\Users\ramosv\Desktop\MileHighHack\organize_chaos\Documents\Salary Worksheet\Oct\Oct_Monica.docx,21,0,0,0,0,0,0,0.0,0.0,0.0,0.0,0.0,0.0
244,C:\Users\ramosv\Desktop\MileHighHack\organize_chaos\Documents\Salary Worksheet\Oct\Oct_Sabe.docx,23,0,0,0,0,0,0,0.0,0.0,0.0,0.0,0.0,0.0
245,C:\Users\ramosv\Desktop\MileHighHack\organize_chaos\Documents\Salary Worksheet\Oct\Oct_Veronica.docx,21,0,0,0,0,0,0,0.0,0.0,0.0,0.0,0.0,0.0
246,C:\Users\ramosv\Desktop\MileHighHack\organize_chaos\Documents\Salary Worksheet\Sep\Sept_Aseel.docx,21,0,0,0,0,0,0,0.0,0.0,0.0,0.0,0.0,0.0
247,C:\Users\ramosv\Desktop\MileHighHack\organize_chaos\Documents\Salary Worksheet\Sep\Sept_Honey.docx,22,0,0,0,0,0,0,0.0,0.0,0.0,0.0,0.0,0.0
248,C:\Users\ramosv\Desktop\MileHighHack\organize_chaos\Documents\Salary Worksheet\Sep\Sept_Kelly.docx,21,0,0,0,0,0,0,0.0,0.0,0.0,0.0,0.0,0.0
249,C:\Users\ramosv\Desktop\MileHighHack\organize_chaos\Documents\Salary Worksheet\Sep\Sept_Monica.docx,21,0,0,0,0,0,0,0.0,0.0,0.0,0.0,0.0,0.0
250,C:\Users\ramosv\Desktop\MileHighHack\organize_chaos\Documents\Salary Worksheet\Sep\Sept_Sabe.docx,23,0,0,0,0,0,0,0.0,0.0,0.0,0.0,0.0,0.0
251,C:\Users\ramosv\Desktop\MileHighHack\organize_chaos\Documents\Salary Worksheet\Sep\Sept_Veronica.docx,21,0,0,0,0,0,0,0.0,0.0,0.0,0.0,0.0,0.0
252,C:\Users\ramosv\Desktop\MileHighHack\organize_chaos\Documents\Technical Assistance Grant\Salary Worksheets\Aug\TA_Aug_Honey worksheet.docx,22,0,0,0,0,0,0,0.0,0.0,0.0,0.0,0.0,0.0
253,C:\Users\ramosv\Desktop\MileHighHack\organize_chaos\Documents\Technical Assistance Grant\Salary Worksheets\Aug\TA_Aug_Veronica Worksheet.docx,21,0,0,0,0,0,0,0.0,0.0,0.0,0.0,0.0,0.0
254,C:\Users\ramosv\Desktop\MileHighHack\organize_chaos\Documents\Technical Assistance Grant\Salary Worksheets\Aug\TA_Kelly_Aug Timesheet.docx,21,0,0,0,0,0,0,0.0,0.0,0.0,0.0,0.0,0.0
255,C:\Users\ramosv\Desktop\MileHighHack\organize_chaos\Documents\Technical Assistance Grant\Salary Worksheets\July\TA_July_Amlaku Worksheet.docx,21,0,0,0,0,0,0,0.0,0.0,0.0,0.0,0.0,0.0
256,C:\Users\ramosv\Desktop\MileHighHack\organize_chaos\Documents\Technical Assistance Grant\Salary Worksheets\July\TA_July_Honey Worksheet.docx,21,0,0,0,0,0,0,0.0,0.0,0.0,0.0,0.0,0.0
257,C:\Users\ramosv\Desktop\MileHighHack\organize_chaos\Documents\Technical Assistance Grant\Salary Worksheets\July\TA_Kelly_July_ Worksheet.docx,21,0,0,0,0,0,0,0.0,0.0,0.0,0.0,0.0,0.0
258,C:\Users\ramosv\Desktop\MileHighHack\organize_chaos\Documents\Technical Assistance Grant\Salary Worksheets\June\TA_June_Amlaku Worksheet.docx,21,0,0,0,0,0,0,0.0,0.0,0.0,0.0,0.0,0.0
259,C:\Users\ramosv\Desktop\MileHighHack\organize_chaos\Documents\Technical Assistance Grant\Salary Worksheets\June\TA_Kelly_June Worksheet.docx,21,0,0,0,0,0,0,0.0,0.0,0.0,0.0,0.0,0.0
260,C:\Users\ramosv\Desktop\MileHighHack\organize_chaos\Documents\Technical Assistance Grant\Salary Worksheets\Oct\TA_Oct_Honey Worksheet.docx,22,0,0,0,0,0,0,0.0,0.0,0.0,0.0,0.0,0.0
261,C:\Users\ramosv\Desktop\MileHighHack\organize_chaos\Documents\Technical Assistance Grant\Salary Worksheets\Oct\TA_Oct_Kelly Worksheet.docx,21,0,0,0,0,0,0,0.0,0.0,0.0,0.0,0.0,0.0
262,C:\Users\ramosv\Desktop\MileHighHack\organize_chaos\Documents\Technical Assistance Grant\Salary Worksheets\Oct\TA_Oct_Veronica Worksheet.docx,21,0,0,0,0,0,0,0.0,0.0,0.0,0.0,0.0,0.0
263,C:\Users\ramosv\Desktop\MileHighHack\organize_chaos\Documents\Technical Assistance Grant\Salary Worksheets\Sep\TA_Kelly_Sept Worksheet.docx,21,0,0,0,0,0,0,0.0,0.0,0.0,0.0,0.0,0.0
264,C:\Users\ramosv\Desktop\MileHighHack\organize_chaos\Documents\Technical Assistance Grant\Salary Worksheets\Sep\TA_Sept_Honey worksheet.docx,22,0,0,0,0,0,0,0.0,0.0,0.0,0.0,0.0,0.0
265,C:\Users\ramosv\Desktop\MileHighHack\organize_chaos\Documents\Technical Assistance Grant\Salary Worksheets\Sep\TA_Sept_Veronica Worksheet.docx,21,0,0,0,0,0,0,0.0,0.0,0.0,0.0,0.0,0.0
266,C:\Users\ramosv\Desktop\MileHighHack\organize_chaos\Documents\The Fax Office Material\BSO_June_Mailer content.docx,440,0,24,1,0,0,0,0.0,0.05454545454545454,0.0022727272727272726,0.0,0.0,0.0
267,C:\Users\ramosv\Desktop\MileHighHack\organize_chaos\Documents\The Fax Office Material\C-District_Revenue letterad_.docx,158,0,0,0,0,0,0,0.0,0.0,0.0,0.0,0.0,0.0
268,C:\Users\ramosv\Desktop\MileHighHack\organize_chaos\Documents\The Fax Office Material\Hartford_Broker_s Letter of Authorization.docx,139,0,0,0,0,0,0,0.0,0.0,0.0,0.0,0.0,0.0
269,C:\Users\ramosv\Desktop\MileHighHack\organize_chaos\Documents\The Fax Office Material\interactive Team Game.docx,6,0,0,0,0,0,0,0.0,0.0,0.0,0.0,0.0,0.0
270,C:\Users\ramosv\Desktop\MileHighHack\organize_chaos\Documents\The Fax Office Material\NA Grant_Revenue letter.docx,151,0,0,0,0,0,0,0.0,0.0,0.0,0.0,0.0,0.0
271,C:\Users\ramosv\Desktop\MileHighHack\organize_chaos\Documents\The Fax Office Material\Staff Lunch Orders.docx,157,0,0,0,0,0,0,0.0,0.0,0.0,0.0,0.0,0.0
272,C:\Users\ramosv\Desktop\MileHighHack\organize_chaos\Documents\The Fax Office Material\TA Grant_Revenue letter.docx,153,0,0,0,0,0,0,0.0,0.0,0.0,0.0,0.0,0.0
273,C:\Users\ramosv\Desktop\MileHighHack\organize_chaos\Documents\The Fax Office Material\The Fax Headletter.docx,0,0,0,0,0,0,0,,,,,,
274,C:\Users\ramosv\Desktop\MileHighHack\organize_chaos\Documents\The Fax Office Material\United States Liability Insurance_Broker_s Letter of Authorization.docx,147,0,0,0,0,0,0,0.0,0.0,0.0,0.0,0.0,0.0
